"DATE_GMT","TIME_GMT","SETTLEMENT_DATE","SETTLEMENT_PERIOD","EMBEDDED_WIND_FORECAST","EMBEDDED_WIND_CAPACITY","EMBEDDED_SOLAR_FORECAST","EMBEDDED_SOLAR_CAPACITY"
"2025-04-17T00:00:00","08:30","2025-04-17T00:00:00",19,1203,6606,5464,18720
"2025-04-17T00:00:00","09:00","2025-04-17T00:00:00",20,1133,6606,6376,18720
"2025-04-17T00:00:00","09:30","2025-04-17T00:00:00",21,1090,6606,7347,18720
"2025-04-17T00:00:00","10:00","2025-04-17T00:00:00",22,1047,6606,8248,18720
"2025-04-17T00:00:00","10:30","2025-04-17T00:00:00",23,1018,6606,8917,18720
"2025-04-17T00:00:00","11:00","2025-04-17T00:00:00",24,989,6606,9323,18720
"2025-04-17T00:00:00","11:30","2025-04-17T00:00:00",25,1018,6606,9457,18720
"2025-04-17T00:00:00","12:00","2025-04-17T00:00:00",26,1047,6606,9269,18720
"2025-04-17T00:00:00","12:30","2025-04-17T00:00:00",27,1034,6606,8779,18720
"2025-04-17T00:00:00","13:00","2025-04-17T00:00:00",28,1021,6606,8320,18720
"2025-04-17T00:00:00","13:30","2025-04-17T00:00:00",29,1024,6606,8144,18720
"2025-04-17T00:00:00","14:00","2025-04-17T00:00:00",30,1026,6606,7865,18720
"2025-04-17T00:00:00","14:30","2025-04-17T00:00:00",31,930,6606,7109,18720
"2025-04-17T00:00:00","15:00","2025-04-17T00:00:00",32,833,6606,6195,18720
"2025-04-17T00:00:00","15:30","2025-04-17T00:00:00",33,760,6606,5485,18720
"2025-04-17T00:00:00","16:00","2025-04-17T00:00:00",34,687,6606,4801,18720
"2025-04-17T00:00:00","16:30","2025-04-17T00:00:00",35,594,6606,3925,18720
"2025-04-17T00:00:00","17:00","2025-04-17T00:00:00",36,500,6606,2991,18720
"2025-04-17T00:00:00","17:30","2025-04-17T00:00:00",37,434,6606,2170,18720
"2025-04-17T00:00:00","18:00","2025-04-17T00:00:00",38,368,6606,1414,18720
"2025-04-17T00:00:00","18:30","2025-04-17T00:00:00",39,371,6606,677,18720
"2025-04-17T00:00:00","19:00","2025-04-17T00:00:00",40,374,6606,144,18720
"2025-04-17T00:00:00","19:30","2025-04-17T00:00:00",41,404,6606,0,18720
"2025-04-17T00:00:00","20:00","2025-04-17T00:00:00",42,434,6606,0,18720
"2025-04-17T00:00:00","20:30","2025-04-17T00:00:00",43,467,6606,0,18720
"2025-04-17T00:00:00","21:00","2025-04-17T00:00:00",44,500,6606,0,18720
"2025-04-17T00:00:00","21:30","2025-04-17T00:00:00",45,528,6606,0,18720
"2025-04-17T00:00:00","22:00","2025-04-17T00:00:00",46,555,6606,0,18720
"2025-04-17T00:00:00","22:30","2025-04-17T00:00:00",47,579,6606,0,18720
"2025-04-17T00:00:00","23:00","2025-04-17T00:00:00",48,602,6606,0,18720
"2025-04-17T00:00:00","23:30","2025-04-18T00:00:00",1,632,6606,0,18727
"2025-04-18T00:00:00","00:00","2025-04-18T00:00:00",2,662,6606,0,18727
"2025-04-18T00:00:00","00:30","2025-04-18T00:00:00",3,686,6606,0,18727
"2025-04-18T00:00:00","01:00","2025-04-18T00:00:00",4,709,6606,0,18727
"2025-04-18T00:00:00","01:30","2025-04-18T00:00:00",5,728,6606,0,18727
"2025-04-18T00:00:00","02:00","2025-04-18T00:00:00",6,746,6606,0,18727
"2025-04-18T00:00:00","02:30","2025-04-18T00:00:00",7,774,6606,0,18727
"2025-04-18T00:00:00","03:00","2025-04-18T00:00:00",8,801,6606,0,18727
"2025-04-18T00:00:00","03:30","2025-04-18T00:00:00",9,847,6606,0,18727
"2025-04-18T00:00:00","04:00","2025-04-18T00:00:00",10,893,6606,0,18727
"2025-04-18T00:00:00","04:30","2025-04-18T00:00:00",11,963,6606,0,18727
"2025-04-18T00:00:00","05:00","2025-04-18T00:00:00",12,1033,6606,0,18727
"2025-04-18T00:00:00","05:30","2025-04-18T00:00:00",13,1096,6606,153,18727
"2025-04-18T00:00:00","06:00","2025-04-18T00:00:00",14,1159,6606,509,18727
"2025-04-18T00:00:00","06:30","2025-04-18T00:00:00",15,1150,6606,1118,18727
"2025-04-18T00:00:00","07:00","2025-04-18T00:00:00",16,1140,6606,1875,18727
"2025-04-18T00:00:00","07:30","2025-04-18T00:00:00",17,1175,6606,2677,18727
"2025-04-18T00:00:00","08:00","2025-04-18T00:00:00",18,1209,6606,3589,18727
"2025-04-18T00:00:00","08:30","2025-04-18T00:00:00",19,1358,6606,4642,18727
"2025-04-18T00:00:00","09:00","2025-04-18T00:00:00",20,1507,6606,5555,18727
"2025-04-18T00:00:00","09:30","2025-04-18T00:00:00",21,1703,6606,6068,18727
"2025-04-18T00:00:00","10:00","2025-04-18T00:00:00",22,1898,6606,6298,18727
"2025-04-18T00:00:00","10:30","2025-04-18T00:00:00",23,2078,6606,6418,18727
"2025-04-18T00:00:00","11:00","2025-04-18T00:00:00",24,2258,6606,6438,18727
"2025-04-18T00:00:00","11:30","2025-04-18T00:00:00",25,2382,6606,6332,18727
"2025-04-18T00:00:00","12:00","2025-04-18T00:00:00",26,2506,6606,6073,18727
"2025-04-18T00:00:00","12:30","2025-04-18T00:00:00",27,2582,6606,5651,18727
"2025-04-18T00:00:00","13:00","2025-04-18T00:00:00",28,2657,6606,5124,18727
"2025-04-18T00:00:00","13:30","2025-04-18T00:00:00",29,2723,6606,4567,18727
"2025-04-18T00:00:00","14:00","2025-04-18T00:00:00",30,2788,6606,4052,18727
"2025-04-18T00:00:00","14:30","2025-04-18T00:00:00",31,2860,6606,3615,18727
"2025-04-18T00:00:00","15:00","2025-04-18T00:00:00",32,2932,6606,3144,18727
"2025-04-18T00:00:00","15:30","2025-04-18T00:00:00",33,2989,6606,2546,18727
"2025-04-18T00:00:00","16:00","2025-04-18T00:00:00",34,3046,6606,1940,18727
"2025-04-18T00:00:00","16:30","2025-04-18T00:00:00",35,3082,6606,1457,18727
"2025-04-18T00:00:00","17:00","2025-04-18T00:00:00",36,3117,6606,1050,18727
"2025-04-18T00:00:00","17:30","2025-04-18T00:00:00",37,3133,6606,657,18727
"2025-04-18T00:00:00","18:00","2025-04-18T00:00:00",38,3149,6606,322,18727
"2025-04-18T00:00:00","18:30","2025-04-18T00:00:00",39,3181,6606,106,18727
"2025-04-18T00:00:00","19:00","2025-04-18T00:00:00",40,3213,6606,0,18727
"2025-04-18T00:00:00","19:30","2025-04-18T00:00:00",41,3234,6606,0,18727
"2025-04-18T00:00:00","20:00","2025-04-18T00:00:00",42,3255,6606,0,18727
"2025-04-18T00:00:00","20:30","2025-04-18T00:00:00",43,3247,6606,0,18727
"2025-04-18T00:00:00","21:00","2025-04-18T00:00:00",44,3238,6606,0,18727
"2025-04-18T00:00:00","21:30","2025-04-18T00:00:00",45,3233,6606,0,18727
"2025-04-18T00:00:00","22:00","2025-04-18T00:00:00",46,3228,6606,0,18727
"2025-04-18T00:00:00","22:30","2025-04-18T00:00:00",47,3242,6606,0,18727
"2025-04-18T00:00:00","23:00","2025-04-18T00:00:00",48,3255,6606,0,18727
"2025-04-18T00:00:00","23:30","2025-04-19T00:00:00",1,3243,6606,0,18733
"2025-04-19T00:00:00","00:00","2025-04-19T00:00:00",2,3231,6606,0,18733
"2025-04-19T00:00:00","00:30","2025-04-19T00:00:00",3,3206,6606,0,18733
"2025-04-19T00:00:00","01:00","2025-04-19T00:00:00",4,3181,6606,0,18733
"2025-04-19T00:00:00","01:30","2025-04-19T00:00:00",5,3163,6606,0,18733
"2025-04-19T00:00:00","02:00","2025-04-19T00:00:00",6,3145,6606,0,18733
"2025-04-19T00:00:00","02:30","2025-04-19T00:00:00",7,3130,6606,0,18733
"2025-04-19T00:00:00","03:00","2025-04-19T00:00:00",8,3114,6606,0,18733
"2025-04-19T00:00:00","03:30","2025-04-19T00:00:00",9,3093,6606,0,18733
"2025-04-19T00:00:00","04:00","2025-04-19T00:00:00",10,3071,6606,0,18733
"2025-04-19T00:00:00","04:30","2025-04-19T00:00:00",11,3073,6606,0,18733
"2025-04-19T00:00:00","05:00","2025-04-19T00:00:00",12,3075,6606,0,18733
"2025-04-19T00:00:00","05:30","2025-04-19T00:00:00",13,3054,6606,48,18733
"2025-04-19T00:00:00","06:00","2025-04-19T00:00:00",14,3032,6606,189,18733
"2025-04-19T00:00:00","06:30","2025-04-19T00:00:00",15,3010,6606,470,18733
"2025-04-19T00:00:00","07:00","2025-04-19T00:00:00",16,2988,6606,838,18733
"2025-04-19T00:00:00","07:30","2025-04-19T00:00:00",17,3015,6606,1242,18733
"2025-04-19T00:00:00","08:00","2025-04-19T00:00:00",18,3041,6606,1749,18733
"2025-04-19T00:00:00","08:30","2025-04-19T00:00:00",19,3066,6606,2418,18733
"2025-04-19T00:00:00","09:00","2025-04-19T00:00:00",20,3090,6606,3156,18733
"2025-04-19T00:00:00","09:30","2025-04-19T00:00:00",21,3101,6606,3865,18733
"2025-04-19T00:00:00","10:00","2025-04-19T00:00:00",22,3111,6606,4573,18733
"2025-04-19T00:00:00","10:30","2025-04-19T00:00:00",23,3106,6606,5309,18733
"2025-04-19T00:00:00","11:00","2025-04-19T00:00:00",24,3101,6606,5951,18733
"2025-04-19T00:00:00","11:30","2025-04-19T00:00:00",25,3079,6606,6390,18733
"2025-04-19T00:00:00","12:00","2025-04-19T00:00:00",26,3056,6606,6689,18733
"2025-04-19T00:00:00","12:30","2025-04-19T00:00:00",27,3031,6606,6915,18733
"2025-04-19T00:00:00","13:00","2025-04-19T00:00:00",28,3006,6606,6982,18733
"2025-04-19T00:00:00","13:30","2025-04-19T00:00:00",29,2969,6606,6797,18733
"2025-04-19T00:00:00","14:00","2025-04-19T00:00:00",30,2931,6606,6402,18733
"2025-04-19T00:00:00","14:30","2025-04-19T00:00:00",31,2877,6606,5875,18733
"2025-04-19T00:00:00","15:00","2025-04-19T00:00:00",32,2822,6606,5318,18733
"2025-04-19T00:00:00","15:30","2025-04-19T00:00:00",33,2771,6606,4782,18733
"2025-04-19T00:00:00","16:00","2025-04-19T00:00:00",34,2719,6606,4096,18733
"2025-04-19T00:00:00","16:30","2025-04-19T00:00:00",35,2645,6606,3133,18733
"2025-04-19T00:00:00","17:00","2025-04-19T00:00:00",36,2571,6606,2184,18733
"2025-04-19T00:00:00","17:30","2025-04-19T00:00:00",37,2456,6606,1535,18733
"2025-04-19T00:00:00","18:00","2025-04-19T00:00:00",38,2340,6606,1033,18733
"2025-04-19T00:00:00","18:30","2025-04-19T00:00:00",39,2293,6606,498,18733
"2025-04-19T00:00:00","19:00","2025-04-19T00:00:00",40,2246,6606,87,18733
"2025-04-19T00:00:00","19:30","2025-04-19T00:00:00",41,2243,6606,0,18733
"2025-04-19T00:00:00","20:00","2025-04-19T00:00:00",42,2240,6606,0,18733
"2025-04-19T00:00:00","20:30","2025-04-19T00:00:00",43,2204,6606,0,18733
"2025-04-19T00:00:00","21:00","2025-04-19T00:00:00",44,2167,6606,0,18733
"2025-04-19T00:00:00","21:30","2025-04-19T00:00:00",45,2113,6606,0,18733
"2025-04-19T00:00:00","22:00","2025-04-19T00:00:00",46,2058,6606,0,18733
"2025-04-19T00:00:00","22:30","2025-04-19T00:00:00",47,1993,6606,0,18733
"2025-04-19T00:00:00","23:00","2025-04-19T00:00:00",48,1927,6606,0,18733
"2025-04-19T00:00:00","23:30","2025-04-20T00:00:00",1,1866,6606,0,18740
"2025-04-20T00:00:00","00:00","2025-04-20T00:00:00",2,1804,6606,0,18740
"2025-04-20T00:00:00","00:30","2025-04-20T00:00:00",3,1752,6606,0,18740
"2025-04-20T00:00:00","01:00","2025-04-20T00:00:00",4,1700,6606,0,18740
"2025-04-20T00:00:00","01:30","2025-04-20T00:00:00",5,1653,6606,0,18740
"2025-04-20T00:00:00","02:00","2025-04-20T00:00:00",6,1606,6606,0,18740
"2025-04-20T00:00:00","02:30","2025-04-20T00:00:00",7,1581,6606,0,18740
"2025-04-20T00:00:00","03:00","2025-04-20T00:00:00",8,1556,6606,0,18740
"2025-04-20T00:00:00","03:30","2025-04-20T00:00:00",9,1527,6606,0,18740
"2025-04-20T00:00:00","04:00","2025-04-20T00:00:00",10,1497,6606,0,18740
"2025-04-20T00:00:00","04:30","2025-04-20T00:00:00",11,1478,6606,0,18740
"2025-04-20T00:00:00","05:00","2025-04-20T00:00:00",12,1458,6606,0,18740
"2025-04-20T00:00:00","05:30","2025-04-20T00:00:00",13,1412,6606,122,18740
"2025-04-20T00:00:00","06:00","2025-04-20T00:00:00",14,1366,6606,435,18740
"2025-04-20T00:00:00","06:30","2025-04-20T00:00:00",15,1335,6606,1004,18740
"2025-04-20T00:00:00","07:00","2025-04-20T00:00:00",16,1303,6606,1723,18740
"2025-04-20T00:00:00","07:30","2025-04-20T00:00:00",17,1299,6606,2490,18740
"2025-04-20T00:00:00","08:00","2025-04-20T00:00:00",18,1294,6606,3378,18740
"2025-04-20T00:00:00","08:30","2025-04-20T00:00:00",19,1257,6606,4442,18740
"2025-04-20T00:00:00","09:00","2025-04-20T00:00:00",20,1219,6606,5482,18740
"2025-04-20T00:00:00","09:30","2025-04-20T00:00:00",21,1176,6606,6305,18740
"2025-04-20T00:00:00","10:00","2025-04-20T00:00:00",22,1133,6606,6984,18740
"2025-04-20T00:00:00","10:30","2025-04-20T00:00:00",23,1102,6606,7628,18740
"2025-04-20T00:00:00","11:00","2025-04-20T00:00:00",24,1071,6606,8223,18740
"2025-04-20T00:00:00","11:30","2025-04-20T00:00:00",25,1035,6606,8715,18740
"2025-04-20T00:00:00","12:00","2025-04-20T00:00:00",26,999,6606,9012,18740
"2025-04-20T00:00:00","12:30","2025-04-20T00:00:00",27,977,6606,9053,18740
"2025-04-20T00:00:00","13:00","2025-04-20T00:00:00",28,955,6606,8954,18740
"2025-04-20T00:00:00","13:30","2025-04-20T00:00:00",29,941,6606,8811,18740
"2025-04-20T00:00:00","14:00","2025-04-20T00:00:00",30,927,6606,8451,18740
"2025-04-20T00:00:00","14:30","2025-04-20T00:00:00",31,924,6606,7713,18740
"2025-04-20T00:00:00","15:00","2025-04-20T00:00:00",32,921,6606,6760,18740
"2025-04-20T00:00:00","15:30","2025-04-20T00:00:00",33,925,6606,5788,18740
"2025-04-20T00:00:00","16:00","2025-04-20T00:00:00",34,929,6606,4808,18740
"2025-04-20T00:00:00","16:30","2025-04-20T00:00:00",35,929,6606,3803,18740
"2025-04-20T00:00:00","17:00","2025-04-20T00:00:00",36,929,6606,2824,18740
"2025-04-20T00:00:00","17:30","2025-04-20T00:00:00",37,930,6606,1935,18740
"2025-04-20T00:00:00","18:00","2025-04-20T00:00:00",38,930,6606,1162,18740
"2025-04-20T00:00:00","18:30","2025-04-20T00:00:00",39,967,6606,538,18740
"2025-04-20T00:00:00","19:00","2025-04-20T00:00:00",40,1004,6606,136,18740
"2025-04-20T00:00:00","19:30","2025-04-20T00:00:00",41,1048,6606,0,18740
"2025-04-20T00:00:00","20:00","2025-04-20T00:00:00",42,1091,6606,0,18740
"2025-04-20T00:00:00","20:30","2025-04-20T00:00:00",43,1118,6606,0,18740
"2025-04-20T00:00:00","21:00","2025-04-20T00:00:00",44,1144,6606,0,18740
"2025-04-20T00:00:00","21:30","2025-04-20T00:00:00",45,1129,6606,0,18740
"2025-04-20T00:00:00","22:00","2025-04-20T00:00:00",46,1114,6606,0,18740
"2025-04-20T00:00:00","22:30","2025-04-20T00:00:00",47,1102,6606,0,18740
"2025-04-20T00:00:00","23:00","2025-04-20T00:00:00",48,1089,6606,0,18740
"2025-04-20T00:00:00","23:30","2025-04-21T00:00:00",1,1088,6606,0,18746
"2025-04-21T00:00:00","00:00","2025-04-21T00:00:00",2,1087,6606,0,18746
"2025-04-21T00:00:00","00:30","2025-04-21T00:00:00",3,1073,6606,0,18746
"2025-04-21T00:00:00","01:00","2025-04-21T00:00:00",4,1059,6606,0,18746
"2025-04-21T00:00:00","01:30","2025-04-21T00:00:00",5,1056,6606,0,18746
"2025-04-21T00:00:00","02:00","2025-04-21T00:00:00",6,1053,6606,0,18746
"2025-04-21T00:00:00","02:30","2025-04-21T00:00:00",7,1059,6606,0,18746
"2025-04-21T00:00:00","03:00","2025-04-21T00:00:00",8,1064,6606,0,18746
"2025-04-21T00:00:00","03:30","2025-04-21T00:00:00",9,1068,6606,0,18746
"2025-04-21T00:00:00","04:00","2025-04-21T00:00:00",10,1072,6606,0,18746
"2025-04-21T00:00:00","04:30","2025-04-21T00:00:00",11,1081,6606,0,18746
"2025-04-21T00:00:00","05:00","2025-04-21T00:00:00",12,1090,6606,0,18746
"2025-04-21T00:00:00","05:30","2025-04-21T00:00:00",13,1101,6606,126,18746
"2025-04-21T00:00:00","06:00","2025-04-21T00:00:00",14,1112,6606,427,18746
"2025-04-21T00:00:00","06:30","2025-04-21T00:00:00",15,1108,6606,938,18746
"2025-04-21T00:00:00","07:00","2025-04-21T00:00:00",16,1103,6606,1523,18746
"2025-04-21T00:00:00","07:30","2025-04-21T00:00:00",17,1123,6606,2076,18746
"2025-04-21T00:00:00","08:00","2025-04-21T00:00:00",18,1142,6606,2745,18746
"2025-04-21T00:00:00","08:30","2025-04-21T00:00:00",19,1171,6606,3659,18746
"2025-04-21T00:00:00","09:00","2025-04-21T00:00:00",20,1200,6606,4615,18746
"2025-04-21T00:00:00","09:30","2025-04-21T00:00:00",21,1226,6606,5399,18746
"2025-04-21T00:00:00","10:00","2025-04-21T00:00:00",22,1252,6606,6069,18746
"2025-04-21T00:00:00","10:30","2025-04-21T00:00:00",23,1285,6606,6708,18746
"2025-04-21T00:00:00","11:00","2025-04-21T00:00:00",24,1318,6606,7226,18746
"2025-04-21T00:00:00","11:30","2025-04-21T00:00:00",25,1364,6606,7535,18746
"2025-04-21T00:00:00","12:00","2025-04-21T00:00:00",26,1409,6606,7738,18746
"2025-04-21T00:00:00","12:30","2025-04-21T00:00:00",27,1416,6606,7914,18746
"2025-04-21T00:00:00","13:00","2025-04-21T00:00:00",28,1423,6606,7855,18746
"2025-04-21T00:00:00","13:30","2025-04-21T00:00:00",29,1436,6606,7383,18746
"2025-04-21T00:00:00","14:00","2025-04-21T00:00:00",30,1448,6606,6732,18746
"2025-04-21T00:00:00","14:30","2025-04-21T00:00:00",31,1468,6606,6165,18746
"2025-04-21T00:00:00","15:00","2025-04-21T00:00:00",32,1487,6606,5657,18746
"2025-04-21T00:00:00","15:30","2025-04-21T00:00:00",33,1470,6606,5114,18746
"2025-04-21T00:00:00","16:00","2025-04-21T00:00:00",34,1452,6606,4443,18746
"2025-04-21T00:00:00","16:30","2025-04-21T00:00:00",35,1439,6606,3595,18746
"2025-04-21T00:00:00","17:00","2025-04-21T00:00:00",36,1425,6606,2706,18746
"2025-04-21T00:00:00","17:30","2025-04-21T00:00:00",37,1416,6606,1919,18746
"2025-04-21T00:00:00","18:00","2025-04-21T00:00:00",38,1406,6606,1222,18746
"2025-04-21T00:00:00","18:30","2025-04-21T00:00:00",39,1407,6606,597,18746
"2025-04-21T00:00:00","19:00","2025-04-21T00:00:00",40,1407,6606,159,18746
"2025-04-21T00:00:00","19:30","2025-04-21T00:00:00",41,1418,6606,0,18746
"2025-04-21T00:00:00","20:00","2025-04-21T00:00:00",42,1429,6606,0,18746
"2025-04-21T00:00:00","20:30","2025-04-21T00:00:00",43,1445,6606,0,18746
"2025-04-21T00:00:00","21:00","2025-04-21T00:00:00",44,1460,6606,0,18746
"2025-04-21T00:00:00","21:30","2025-04-21T00:00:00",45,1439,6606,0,18746
"2025-04-21T00:00:00","22:00","2025-04-21T00:00:00",46,1418,6606,0,18746
"2025-04-21T00:00:00","22:30","2025-04-21T00:00:00",47,1404,6606,0,18746
"2025-04-21T00:00:00","23:00","2025-04-21T00:00:00",48,1390,6606,0,18746
"2025-04-21T00:00:00","23:30","2025-04-22T00:00:00",1,1384,6606,0,18753
"2025-04-22T00:00:00","00:00","2025-04-22T00:00:00",2,1378,6606,0,18753
"2025-04-22T00:00:00","00:30","2025-04-22T00:00:00",3,1349,6606,0,18753
"2025-04-22T00:00:00","01:00","2025-04-22T00:00:00",4,1320,6606,0,18753
"2025-04-22T00:00:00","01:30","2025-04-22T00:00:00",5,1297,6606,0,18753
"2025-04-22T00:00:00","02:00","2025-04-22T00:00:00",6,1273,6606,0,18753
"2025-04-22T00:00:00","02:30","2025-04-22T00:00:00",7,1256,6606,0,18753
"2025-04-22T00:00:00","03:00","2025-04-22T00:00:00",8,1238,6606,0,18753
"2025-04-22T00:00:00","03:30","2025-04-22T00:00:00",9,1219,6606,0,18753
"2025-04-22T00:00:00","04:00","2025-04-22T00:00:00",10,1199,6606,0,18753
"2025-04-22T00:00:00","04:30","2025-04-22T00:00:00",11,1186,6606,0,18753
"2025-04-22T00:00:00","05:00","2025-04-22T00:00:00",12,1173,6606,0,18753
"2025-04-22T00:00:00","05:30","2025-04-22T00:00:00",13,1166,6606,133,18753
"2025-04-22T00:00:00","06:00","2025-04-22T00:00:00",14,1158,6606,411,18753
"2025-04-22T00:00:00","06:30","2025-04-22T00:00:00",15,1152,6606,856,18753
"2025-04-22T00:00:00","07:00","2025-04-22T00:00:00",16,1145,6606,1439,18753
"2025-04-22T00:00:00","07:30","2025-04-22T00:00:00",17,1146,6606,2127,18753
"2025-04-22T00:00:00","08:00","2025-04-22T00:00:00",18,1147,6606,2927,18753
"2025-04-22T00:00:00","08:30","2025-04-22T00:00:00",19,1155,6606,3829,18753
"2025-04-22T00:00:00","09:00","2025-04-22T00:00:00",20,1163,6606,4707,18753
"2025-04-22T00:00:00","09:30","2025-04-22T00:00:00",21,1167,6606,5445,18753
"2025-04-22T00:00:00","10:00","2025-04-22T00:00:00",22,1170,6606,6090,18753
"2025-04-22T00:00:00","10:30","2025-04-22T00:00:00",23,1181,6606,6702,18753
"2025-04-22T00:00:00","11:00","2025-04-22T00:00:00",24,1192,6606,7238,18753
"2025-04-22T00:00:00","11:30","2025-04-22T00:00:00",25,1212,6606,7633,18753
"2025-04-22T00:00:00","12:00","2025-04-22T00:00:00",26,1231,6606,7838,18753
"2025-04-22T00:00:00","12:30","2025-04-22T00:00:00",27,1207,6606,7814,18753
"2025-04-22T00:00:00","13:00","2025-04-22T00:00:00",28,1183,6606,7549,18753
"2025-04-22T00:00:00","13:30","2025-04-22T00:00:00",29,1163,6606,7067,18753
"2025-04-22T00:00:00","14:00","2025-04-22T00:00:00",30,1143,6606,6502,18753
"2025-04-22T00:00:00","14:30","2025-04-22T00:00:00",31,1128,6606,5979,18753
"2025-04-22T00:00:00","15:00","2025-04-22T00:00:00",32,1112,6606,5481,18753
"2025-04-22T00:00:00","15:30","2025-04-22T00:00:00",33,1101,6606,4952,18753
"2025-04-22T00:00:00","16:00","2025-04-22T00:00:00",34,1089,6606,4298,18753
"2025-04-22T00:00:00","16:30","2025-04-22T00:00:00",35,1083,6606,3468,18753
"2025-04-22T00:00:00","17:00","2025-04-22T00:00:00",36,1076,6606,2606,18753
"2025-04-22T00:00:00","17:30","2025-04-22T00:00:00",37,1073,6606,1861,18753
"2025-04-22T00:00:00","18:00","2025-04-22T00:00:00",38,1070,6606,1207,18753
"2025-04-22T00:00:00","18:30","2025-04-22T00:00:00",39,1062,6606,609,18753
"2025-04-22T00:00:00","19:00","2025-04-22T00:00:00",40,1053,6606,179,18753
"2025-04-22T00:00:00","19:30","2025-04-22T00:00:00",41,1048,6606,0,18753
"2025-04-22T00:00:00","20:00","2025-04-22T00:00:00",42,1042,6606,0,18753
"2025-04-22T00:00:00","20:30","2025-04-22T00:00:00",43,1041,6606,0,18753
"2025-04-22T00:00:00","21:00","2025-04-22T00:00:00",44,1039,6606,0,18753
"2025-04-22T00:00:00","21:30","2025-04-22T00:00:00",45,1041,6606,0,18753
"2025-04-22T00:00:00","22:00","2025-04-22T00:00:00",46,1043,6606,0,18753
"2025-04-22T00:00:00","22:30","2025-04-22T00:00:00",47,1049,6606,0,18753
"2025-04-22T00:00:00","23:00","2025-04-22T00:00:00",48,1055,6606,0,18753
"2025-04-22T00:00:00","23:30","2025-04-23T00:00:00",1,1065,6606,0,18759
"2025-04-23T00:00:00","00:00","2025-04-23T00:00:00",2,1074,6606,0,18759
"2025-04-23T00:00:00","00:30","2025-04-23T00:00:00",3,1064,6606,0,18759
"2025-04-23T00:00:00","01:00","2025-04-23T00:00:00",4,1054,6606,0,18759
"2025-04-23T00:00:00","01:30","2025-04-23T00:00:00",5,1048,6606,0,18759
"2025-04-23T00:00:00","02:00","2025-04-23T00:00:00",6,1041,6606,0,18759
"2025-04-23T00:00:00","02:30","2025-04-23T00:00:00",7,1038,6606,0,18759
"2025-04-23T00:00:00","03:00","2025-04-23T00:00:00",8,1034,6606,0,18759
"2025-04-23T00:00:00","03:30","2025-04-23T00:00:00",9,1034,6606,0,18759
"2025-04-23T00:00:00","04:00","2025-04-23T00:00:00",10,1034,6606,0,18759
"2025-04-23T00:00:00","04:30","2025-04-23T00:00:00",11,1037,6606,0,18759
"2025-04-23T00:00:00","05:00","2025-04-23T00:00:00",12,1040,6606,0,18759
"2025-04-23T00:00:00","05:30","2025-04-23T00:00:00",13,1045,6606,136,18759
"2025-04-23T00:00:00","06:00","2025-04-23T00:00:00",14,1050,6606,451,18759
"2025-04-23T00:00:00","06:30","2025-04-23T00:00:00",15,1058,6606,982,18759
"2025-04-23T00:00:00","07:00","2025-04-23T00:00:00",16,1066,6606,1615,18759
"2025-04-23T00:00:00","07:30","2025-04-23T00:00:00",17,1078,6606,2252,18759
"2025-04-23T00:00:00","08:00","2025-04-23T00:00:00",18,1089,6606,3002,18759
"2025-04-23T00:00:00","08:30","2025-04-23T00:00:00",19,1104,6606,3959,18759
"2025-04-23T00:00:00","09:00","2025-04-23T00:00:00",20,1119,6606,4935,18759
"2025-04-23T00:00:00","09:30","2025-04-23T00:00:00",21,1139,6606,5740,18759
"2025-04-23T00:00:00","10:00","2025-04-23T00:00:00",22,1158,6606,6442,18759
"2025-04-23T00:00:00","10:30","2025-04-23T00:00:00",23,1181,6606,7136,18759
"2025-04-23T00:00:00","11:00","2025-04-23T00:00:00",24,1203,6606,7758,18759
"2025-04-23T00:00:00","11:30","2025-04-23T00:00:00",25,1228,6606,8221,18759
"2025-04-23T00:00:00","12:00","2025-04-23T00:00:00",26,1253,6606,8504,18759
"2025-04-23T00:00:00","12:30","2025-04-23T00:00:00",27,1255,6606,8588,18759
"2025-04-23T00:00:00","13:00","2025-04-23T00:00:00",28,1257,6606,8395,18759
"2025-04-23T00:00:00","13:30","2025-04-23T00:00:00",29,1261,6606,7896,18759
"2025-04-23T00:00:00","14:00","2025-04-23T00:00:00",30,1265,6606,7311,18759
"2025-04-23T00:00:00","14:30","2025-04-23T00:00:00",31,1272,6606,6836,18759
"2025-04-23T00:00:00","15:00","2025-04-23T00:00:00",32,1279,6606,6330,18759
"2025-04-23T00:00:00","15:30","2025-04-23T00:00:00",33,1289,6606,5619,18759
"2025-04-23T00:00:00","16:00","2025-04-23T00:00:00",34,1299,6606,4738,18759
"2025-04-23T00:00:00","16:30","2025-04-23T00:00:00",35,1311,6606,3780,18759
"2025-04-23T00:00:00","17:00","2025-04-23T00:00:00",36,1323,6606,2863,18759
"2025-04-23T00:00:00","17:30","2025-04-23T00:00:00",37,1338,6606,2077,18759
"2025-04-23T00:00:00","18:00","2025-04-23T00:00:00",38,1353,6606,1372,18759
"2025-04-23T00:00:00","18:30","2025-04-23T00:00:00",39,1353,6606,706,18759
"2025-04-23T00:00:00","19:00","2025-04-23T00:00:00",40,1352,6606,215,18759
"2025-04-23T00:00:00","19:30","2025-04-23T00:00:00",41,1355,6606,21,18759
"2025-04-23T00:00:00","20:00","2025-04-23T00:00:00",42,1357,6606,0,18759
"2025-04-23T00:00:00","20:30","2025-04-23T00:00:00",43,1362,6606,0,18759
"2025-04-23T00:00:00","21:00","2025-04-23T00:00:00",44,1367,6606,0,18759
"2025-04-23T00:00:00","21:30","2025-04-23T00:00:00",45,1375,6606,0,18759
"2025-04-23T00:00:00","22:00","2025-04-23T00:00:00",46,1383,6606,0,18759
"2025-04-23T00:00:00","22:30","2025-04-23T00:00:00",47,1394,6606,0,18759
"2025-04-23T00:00:00","23:00","2025-04-23T00:00:00",48,1405,6606,0,18759
"2025-04-23T00:00:00","23:30","2025-04-24T00:00:00",1,1419,6606,0,18766
"2025-04-24T00:00:00","00:00","2025-04-24T00:00:00",2,1432,6606,0,18766
"2025-04-24T00:00:00","00:30","2025-04-24T00:00:00",3,1427,6606,0,18766
"2025-04-24T00:00:00","01:00","2025-04-24T00:00:00",4,1421,6606,0,18766
"2025-04-24T00:00:00","01:30","2025-04-24T00:00:00",5,1418,6606,0,18766
"2025-04-24T00:00:00","02:00","2025-04-24T00:00:00",6,1414,6606,0,18766
"2025-04-24T00:00:00","02:30","2025-04-24T00:00:00",7,1412,6606,0,18766
"2025-04-24T00:00:00","03:00","2025-04-24T00:00:00",8,1410,6606,0,18766
"2025-04-24T00:00:00","03:30","2025-04-24T00:00:00",9,1410,6606,0,18766
"2025-04-24T00:00:00","04:00","2025-04-24T00:00:00",10,1410,6606,0,18766
"2025-04-24T00:00:00","04:30","2025-04-24T00:00:00",11,1412,6606,0,18766
"2025-04-24T00:00:00","05:00","2025-04-24T00:00:00",12,1414,6606,0,18766
"2025-04-24T00:00:00","05:30","2025-04-24T00:00:00",13,1418,6606,146,18766
"2025-04-24T00:00:00","06:00","2025-04-24T00:00:00",14,1421,6606,463,18766
"2025-04-24T00:00:00","06:30","2025-04-24T00:00:00",15,1432,6606,976,18766
"2025-04-24T00:00:00","07:00","2025-04-24T00:00:00",16,1443,6606,1598,18766
"2025-04-24T00:00:00","07:30","2025-04-24T00:00:00",17,1456,6606,2246,18766
"2025-04-24T00:00:00","08:00","2025-04-24T00:00:00",18,1469,6606,2973,18766
"2025-04-24T00:00:00","08:30","2025-04-24T00:00:00",19,1486,6606,3836,18766
"2025-04-24T00:00:00","09:00","2025-04-24T00:00:00",20,1502,6606,4768,18766
"2025-04-24T00:00:00","09:30","2025-04-24T00:00:00",21,1521,6606,5685,18766
"2025-04-24T00:00:00","10:00","2025-04-24T00:00:00",22,1540,6606,6529,18766
"2025-04-24T00:00:00","10:30","2025-04-24T00:00:00",23,1562,6606,7253,18766
"2025-04-24T00:00:00","11:00","2025-04-24T00:00:00",24,1583,6606,7801,18766
"2025-04-24T00:00:00","11:30","2025-04-24T00:00:00",25,1608,6606,8138,18766
"2025-04-24T00:00:00","12:00","2025-04-24T00:00:00",26,1632,6606,8337,18766
"2025-04-24T00:00:00","12:30","2025-04-24T00:00:00",27,1614,6606,8449,18766
"2025-04-24T00:00:00","13:00","2025-04-24T00:00:00",28,1596,6606,8333,18766
"2025-04-24T00:00:00","13:30","2025-04-24T00:00:00",29,1580,6606,7880,18766
"2025-04-24T00:00:00","14:00","2025-04-24T00:00:00",30,1563,6606,7314,18766
"2025-04-24T00:00:00","14:30","2025-04-24T00:00:00",31,1549,6606,6853,18766
"2025-04-24T00:00:00","15:00","2025-04-24T00:00:00",32,1534,6606,6377,18766
"2025-04-24T00:00:00","15:30","2025-04-24T00:00:00",33,1522,6606,5726,18766
"2025-04-24T00:00:00","16:00","2025-04-24T00:00:00",34,1510,6606,4917,18766
"2025-04-24T00:00:00","16:30","2025-04-24T00:00:00",35,1502,6606,4016,18766
"2025-04-24T00:00:00","17:00","2025-04-24T00:00:00",36,1493,6606,3113,18766
"2025-04-24T00:00:00","17:30","2025-04-24T00:00:00",37,1489,6606,2284,18766
"2025-04-24T00:00:00","18:00","2025-04-24T00:00:00",38,1484,6606,1518,18766
"2025-04-24T00:00:00","18:30","2025-04-24T00:00:00",39,1470,6606,810,18766
"2025-04-24T00:00:00","19:00","2025-04-24T00:00:00",40,1456,6606,289,18766
"2025-04-24T00:00:00","19:30","2025-04-24T00:00:00",41,1445,6606,56,18766
"2025-04-24T00:00:00","20:00","2025-04-24T00:00:00",42,1434,6606,0,18766
"2025-04-24T00:00:00","20:30","2025-04-24T00:00:00",43,1427,6606,0,18766
"2025-04-24T00:00:00","21:00","2025-04-24T00:00:00",44,1419,6606,0,18766
"2025-04-24T00:00:00","21:30","2025-04-24T00:00:00",45,1415,6606,0,18766
"2025-04-24T00:00:00","22:00","2025-04-24T00:00:00",46,1411,6606,0,18766
"2025-04-24T00:00:00","22:30","2025-04-24T00:00:00",47,1412,6606,0,18766
"2025-04-24T00:00:00","23:00","2025-04-24T00:00:00",48,1412,6606,0,18766
"2025-04-24T00:00:00","23:30","2025-04-25T00:00:00",1,1416,6606,0,18773
"2025-04-25T00:00:00","00:00","2025-04-25T00:00:00",2,1420,6606,0,18773
"2025-04-25T00:00:00","00:30","2025-04-25T00:00:00",3,1392,6606,0,18773
"2025-04-25T00:00:00","01:00","2025-04-25T00:00:00",4,1364,6606,0,18773
"2025-04-25T00:00:00","01:30","2025-04-25T00:00:00",5,1340,6606,0,18773
"2025-04-25T00:00:00","02:00","2025-04-25T00:00:00",6,1315,6606,0,18773
"2025-04-25T00:00:00","02:30","2025-04-25T00:00:00",7,1294,6606,0,18773
"2025-04-25T00:00:00","03:00","2025-04-25T00:00:00",8,1273,6606,0,18773
"2025-04-25T00:00:00","03:30","2025-04-25T00:00:00",9,1256,6606,0,18773
"2025-04-25T00:00:00","04:00","2025-04-25T00:00:00",10,1239,6606,0,18773
"2025-04-25T00:00:00","04:30","2025-04-25T00:00:00",11,1226,6606,0,18773
"2025-04-25T00:00:00","05:00","2025-04-25T00:00:00",12,1213,6606,0,18773
"2025-04-25T00:00:00","05:30","2025-04-25T00:00:00",13,1205,6606,66,18773
"2025-04-25T00:00:00","06:00","2025-04-25T00:00:00",14,1196,6606,229,18773
"2025-04-25T00:00:00","06:30","2025-04-25T00:00:00",15,1196,6606,532,18773
"2025-04-25T00:00:00","07:00","2025-04-25T00:00:00",16,1195,6606,948,18773
"2025-04-25T00:00:00","07:30","2025-04-25T00:00:00",17,1199,6606,1449,18773
"2025-04-25T00:00:00","08:00","2025-04-25T00:00:00",18,1203,6606,2056,18773
"2025-04-25T00:00:00","08:30","2025-04-25T00:00:00",19,1212,6606,2783,18773
"2025-04-25T00:00:00","09:00","2025-04-25T00:00:00",20,1220,6606,3544,18773
"2025-04-25T00:00:00","09:30","2025-04-25T00:00:00",21,1232,6606,4262,18773
"2025-04-25T00:00:00","10:00","2025-04-25T00:00:00",22,1244,6606,4985,18773
"2025-04-25T00:00:00","10:30","2025-04-25T00:00:00",23,1260,6606,5756,18773
"2025-04-25T00:00:00","11:00","2025-04-25T00:00:00",24,1275,6606,6457,18773
"2025-04-25T00:00:00","11:30","2025-04-25T00:00:00",25,1294,6606,6971,18773
"2025-04-25T00:00:00","12:00","2025-04-25T00:00:00",26,1313,6606,7356,18773
"2025-04-25T00:00:00","12:30","2025-04-25T00:00:00",27,1288,6606,7664,18773
"2025-04-25T00:00:00","13:00","2025-04-25T00:00:00",28,1263,6606,7747,18773
"2025-04-25T00:00:00","13:30","2025-04-25T00:00:00",29,1241,6606,7488,18773
"2025-04-25T00:00:00","14:00","2025-04-25T00:00:00",30,1218,6606,7113,18773
"2025-04-25T00:00:00","14:30","2025-04-25T00:00:00",31,1199,6606,6841,18773
"2025-04-25T00:00:00","15:00","2025-04-25T00:00:00",32,1179,6606,6535,18773
"2025-04-25T00:00:00","15:30","2025-04-25T00:00:00",33,1163,6606,6018,18773
"2025-04-25T00:00:00","16:00","2025-04-25T00:00:00",34,1147,6606,5320,18773
"2025-04-25T00:00:00","16:30","2025-04-25T00:00:00",35,1135,6606,4510,18773
"2025-04-25T00:00:00","17:00","2025-04-25T00:00:00",36,1123,6606,3603,18773
"2025-04-25T00:00:00","17:30","2025-04-25T00:00:00",37,1115,6606,2625,18773
"2025-04-25T00:00:00","18:00","2025-04-25T00:00:00",38,1107,6606,1687,18773
"2025-04-25T00:00:00","18:30","2025-04-25T00:00:00",39,1092,6606,910,18773
"2025-04-25T00:00:00","19:00","2025-04-25T00:00:00",40,1077,6606,368,18773
"2025-04-25T00:00:00","19:30","2025-04-25T00:00:00",41,1067,6606,95,18773
"2025-04-25T00:00:00","20:00","2025-04-25T00:00:00",42,1057,6606,0,18773
"2025-04-25T00:00:00","20:30","2025-04-25T00:00:00",43,1052,6606,0,18773
"2025-04-25T00:00:00","21:00","2025-04-25T00:00:00",44,1047,6606,0,18773
"2025-04-25T00:00:00","21:30","2025-04-25T00:00:00",45,1048,6606,0,18773
"2025-04-25T00:00:00","22:00","2025-04-25T00:00:00",46,1048,6606,0,18773
"2025-04-25T00:00:00","22:30","2025-04-25T00:00:00",47,1054,6606,0,18773
"2025-04-25T00:00:00","23:00","2025-04-25T00:00:00",48,1059,6606,0,18773
"2025-04-25T00:00:00","23:30","2025-04-26T00:00:00",1,1069,6606,0,18779
"2025-04-26T00:00:00","00:00","2025-04-26T00:00:00",2,1079,6606,0,18779
"2025-04-26T00:00:00","00:30","2025-04-26T00:00:00",3,1065,6606,0,18779
"2025-04-26T00:00:00","01:00","2025-04-26T00:00:00",4,1050,6606,0,18779
"2025-04-26T00:00:00","01:30","2025-04-26T00:00:00",5,1039,6606,0,18779
"2025-04-26T00:00:00","02:00","2025-04-26T00:00:00",6,1028,6606,0,18779
"2025-04-26T00:00:00","02:30","2025-04-26T00:00:00",7,1020,6606,0,18779
"2025-04-26T00:00:00","03:00","2025-04-26T00:00:00",8,1011,6606,0,18779
"2025-04-26T00:00:00","03:30","2025-04-26T00:00:00",9,1006,6606,0,18779
"2025-04-26T00:00:00","04:00","2025-04-26T00:00:00",10,1000,6606,0,18779
"2025-04-26T00:00:00","04:30","2025-04-26T00:00:00",11,998,6606,0,18779
"2025-04-26T00:00:00","05:00","2025-04-26T00:00:00",12,996,6606,0,18779
"2025-04-26T00:00:00","05:30","2025-04-26T00:00:00",13,997,6606,93,18779
"2025-04-26T00:00:00","06:00","2025-04-26T00:00:00",14,998,6606,301,18779
"2025-04-26T00:00:00","06:30","2025-04-26T00:00:00",15,1005,6606,653,18779
"2025-04-26T00:00:00","07:00","2025-04-26T00:00:00",16,1012,6606,1105,18779
"2025-04-26T00:00:00","07:30","2025-04-26T00:00:00",17,1023,6606,1620,18779
"2025-04-26T00:00:00","08:00","2025-04-26T00:00:00",18,1033,6606,2279,18779
"2025-04-26T00:00:00","08:30","2025-04-26T00:00:00",19,1048,6606,3145,18779
"2025-04-26T00:00:00","09:00","2025-04-26T00:00:00",20,1062,6606,4077,18779
"2025-04-26T00:00:00","09:30","2025-04-26T00:00:00",21,1080,6606,4932,18779
"2025-04-26T00:00:00","10:00","2025-04-26T00:00:00",22,1097,6606,5743,18779
"2025-04-26T00:00:00","10:30","2025-04-26T00:00:00",23,1118,6606,6560,18779
"2025-04-26T00:00:00","11:00","2025-04-26T00:00:00",24,1139,6606,7329,18779
"2025-04-26T00:00:00","11:30","2025-04-26T00:00:00",25,1163,6606,7982,18779
"2025-04-26T00:00:00","12:00","2025-04-26T00:00:00",26,1187,6606,8504,18779
"2025-04-26T00:00:00","12:30","2025-04-26T00:00:00",27,1175,6606,8877,18779
"2025-04-26T00:00:00","13:00","2025-04-26T00:00:00",28,1162,6606,9024,18779
"2025-04-26T00:00:00","13:30","2025-04-26T00:00:00",29,1153,6606,8873,18779
"2025-04-26T00:00:00","14:00","2025-04-26T00:00:00",30,1144,6606,8430,18779
"2025-04-26T00:00:00","14:30","2025-04-26T00:00:00",31,1138,6606,7755,18779
"2025-04-26T00:00:00","15:00","2025-04-26T00:00:00",32,1132,6606,7041,18779
"2025-04-26T00:00:00","15:30","2025-04-26T00:00:00",33,1131,6606,6441,18779
"2025-04-26T00:00:00","16:00","2025-04-26T00:00:00",34,1129,6606,5796,18779
"2025-04-26T00:00:00","16:30","2025-04-26T00:00:00",35,1131,6606,4932,18779
"2025-04-26T00:00:00","17:00","2025-04-26T00:00:00",36,1133,6606,3918,18779
"2025-04-26T00:00:00","17:30","2025-04-26T00:00:00",37,1139,6606,2872,18779
"2025-04-26T00:00:00","18:00","2025-04-26T00:00:00",38,1145,6606,1887,18779
"2025-04-26T00:00:00","18:30","2025-04-26T00:00:00",39,1134,6606,1045,18779
"2025-04-26T00:00:00","19:00","2025-04-26T00:00:00",40,1123,6606,437,18779
"2025-04-26T00:00:00","19:30","2025-04-26T00:00:00",41,1117,6606,117,18779
"2025-04-26T00:00:00","20:00","2025-04-26T00:00:00",42,1110,6606,0,18779
"2025-04-26T00:00:00","20:30","2025-04-26T00:00:00",43,1109,6606,0,18779
"2025-04-26T00:00:00","21:00","2025-04-26T00:00:00",44,1108,6606,0,18779
"2025-04-26T00:00:00","21:30","2025-04-26T00:00:00",45,1113,6606,0,18779
"2025-04-26T00:00:00","22:00","2025-04-26T00:00:00",46,1117,6606,0,18779
"2025-04-26T00:00:00","22:30","2025-04-26T00:00:00",47,1127,6606,0,18779
"2025-04-26T00:00:00","23:00","2025-04-26T00:00:00",48,1137,6606,0,18779
"2025-04-26T00:00:00","23:30","2025-04-27T00:00:00",1,1153,6606,0,18786
"2025-04-27T00:00:00","00:00","2025-04-27T00:00:00",2,1169,6606,0,18786
"2025-04-27T00:00:00","00:30","2025-04-27T00:00:00",3,1158,6606,0,18786
"2025-04-27T00:00:00","01:00","2025-04-27T00:00:00",4,1146,6606,0,18786
"2025-04-27T00:00:00","01:30","2025-04-27T00:00:00",5,1138,6606,0,18786
"2025-04-27T00:00:00","02:00","2025-04-27T00:00:00",6,1129,6606,0,18786
"2025-04-27T00:00:00","02:30","2025-04-27T00:00:00",7,1124,6606,0,18786
"2025-04-27T00:00:00","03:00","2025-04-27T00:00:00",8,1119,6606,0,18786
"2025-04-27T00:00:00","03:30","2025-04-27T00:00:00",9,1118,6606,0,18786
"2025-04-27T00:00:00","04:00","2025-04-27T00:00:00",10,1116,6606,0,18786
"2025-04-27T00:00:00","04:30","2025-04-27T00:00:00",11,1118,6606,0,18786
"2025-04-27T00:00:00","05:00","2025-04-27T00:00:00",12,1119,6606,0,18786
"2025-04-27T00:00:00","05:30","2025-04-27T00:00:00",13,1124,6606,108,18786
"2025-04-27T00:00:00","06:00","2025-04-27T00:00:00",14,1129,6606,332,18786
"2025-04-27T00:00:00","06:30","2025-04-27T00:00:00",15,1138,6606,692,18786
"2025-04-27T00:00:00","07:00","2025-04-27T00:00:00",16,1146,6606,1140,18786
"2025-04-27T00:00:00","07:30","2025-04-27T00:00:00",17,1160,6606,1644,18786
"2025-04-27T00:00:00","08:00","2025-04-27T00:00:00",18,1173,6606,2299,18786
"2025-04-27T00:00:00","08:30","2025-04-27T00:00:00",19,1192,6606,3174,18786
"2025-04-27T00:00:00","09:00","2025-04-27T00:00:00",20,1210,6606,4102,18786
"2025-04-27T00:00:00","09:30","2025-04-27T00:00:00",21,1234,6606,4917,18786
"2025-04-27T00:00:00","10:00","2025-04-27T00:00:00",22,1258,6606,5687,18786
"2025-04-27T00:00:00","10:30","2025-04-27T00:00:00",23,1286,6606,6499,18786
"2025-04-27T00:00:00","11:00","2025-04-27T00:00:00",24,1314,6606,7273,18786
"2025-04-27T00:00:00","11:30","2025-04-27T00:00:00",25,1345,6606,7913,18786
"2025-04-27T00:00:00","12:00","2025-04-27T00:00:00",26,1376,6606,8381,18786
"2025-04-27T00:00:00","12:30","2025-04-27T00:00:00",27,1368,6606,8659,18786
"2025-04-27T00:00:00","13:00","2025-04-27T00:00:00",28,1359,6606,8734,18786
"2025-04-27T00:00:00","13:30","2025-04-27T00:00:00",29,1354,6606,8591,18786
"2025-04-27T00:00:00","14:00","2025-04-27T00:00:00",30,1348,6606,8212,18786
"2025-04-27T00:00:00","14:30","2025-04-27T00:00:00",31,1346,6606,7615,18786
"2025-04-27T00:00:00","15:00","2025-04-27T00:00:00",32,1344,6606,6962,18786
"2025-04-27T00:00:00","15:30","2025-04-27T00:00:00",33,1346,6606,6382,18786
"2025-04-27T00:00:00","16:00","2025-04-27T00:00:00",34,1347,6606,5727,18786
"2025-04-27T00:00:00","16:30","2025-04-27T00:00:00",35,1352,6606,4842,18786
"2025-04-27T00:00:00","17:00","2025-04-27T00:00:00",36,1356,6606,3823,18786
"2025-04-27T00:00:00","17:30","2025-04-27T00:00:00",37,1364,6606,2812,18786
"2025-04-27T00:00:00","18:00","2025-04-27T00:00:00",38,1372,6606,1873,18786
"2025-04-27T00:00:00","18:30","2025-04-27T00:00:00",39,1363,6606,1062,18786
"2025-04-27T00:00:00","19:00","2025-04-27T00:00:00",40,1354,6606,462,18786
"2025-04-27T00:00:00","19:30","2025-04-27T00:00:00",41,1350,6606,132,18786
"2025-04-27T00:00:00","20:00","2025-04-27T00:00:00",42,1345,6606,0,18786
"2025-04-27T00:00:00","20:30","2025-04-27T00:00:00",43,1345,6606,0,18786
"2025-04-27T00:00:00","21:00","2025-04-27T00:00:00",44,1345,6606,0,18786
"2025-04-27T00:00:00","21:30","2025-04-27T00:00:00",45,1351,6606,0,18786
"2025-04-27T00:00:00","22:00","2025-04-27T00:00:00",46,1356,6606,0,18786
"2025-04-27T00:00:00","22:30","2025-04-27T00:00:00",47,1367,6606,0,18786
"2025-04-27T00:00:00","23:00","2025-04-27T00:00:00",48,1377,6606,0,18786
"2025-04-27T00:00:00","23:30","2025-04-28T00:00:00",1,1393,6606,0,18792
"2025-04-28T00:00:00","00:00","2025-04-28T00:00:00",2,1408,6606,0,18792
"2025-04-28T00:00:00","00:30","2025-04-28T00:00:00",3,1397,6606,0,18792
"2025-04-28T00:00:00","01:00","2025-04-28T00:00:00",4,1386,6606,0,18792
"2025-04-28T00:00:00","01:30","2025-04-28T00:00:00",5,1378,6606,0,18792
"2025-04-28T00:00:00","02:00","2025-04-28T00:00:00",6,1370,6606,0,18792
"2025-04-28T00:00:00","02:30","2025-04-28T00:00:00",7,1366,6606,0,18792
"2025-04-28T00:00:00","03:00","2025-04-28T00:00:00",8,1361,6606,0,18792
"2025-04-28T00:00:00","03:30","2025-04-28T00:00:00",9,1360,6606,0,18792
"2025-04-28T00:00:00","04:00","2025-04-28T00:00:00",10,1359,6606,0,18792
"2025-04-28T00:00:00","04:30","2025-04-28T00:00:00",11,1362,6606,0,18792
"2025-04-28T00:00:00","05:00","2025-04-28T00:00:00",12,1364,6606,0,18792
"2025-04-28T00:00:00","05:30","2025-04-28T00:00:00",13,1370,6606,142,18792
"2025-04-28T00:00:00","06:00","2025-04-28T00:00:00",14,1376,6606,383,18792
"2025-04-28T00:00:00","06:30","2025-04-28T00:00:00",15,1381,6606,720,18792
"2025-04-28T00:00:00","07:00","2025-04-28T00:00:00",16,1386,6606,1161,18792
"2025-04-28T00:00:00","07:30","2025-04-28T00:00:00",17,1397,6606,1715,18792
"2025-04-28T00:00:00","08:00","2025-04-28T00:00:00",18,1407,6606,4671,18792
"2025-04-28T00:00:00","08:30","2025-04-28T00:00:00",19,1424,6606,5698,18792
"2025-04-28T00:00:00","09:00","2025-04-28T00:00:00",20,1440,6606,6691,18792
"2025-04-28T00:00:00","09:30","2025-04-28T00:00:00",21,1462,6606,7695,18792
"2025-04-28T00:00:00","10:00","2025-04-28T00:00:00",22,1484,6606,8598,18792
"2025-04-28T00:00:00","10:30","2025-04-28T00:00:00",23,1511,6606,9252,18792
"2025-04-28T00:00:00","11:00","2025-04-28T00:00:00",24,1537,6606,9788,18792
"2025-04-28T00:00:00","11:30","2025-04-28T00:00:00",25,1568,6606,10335,18792
"2025-04-28T00:00:00","12:00","2025-04-28T00:00:00",26,1598,6606,10724,18792
"2025-04-28T00:00:00","12:30","2025-04-28T00:00:00",27,1579,6606,10764,18792
"2025-04-28T00:00:00","13:00","2025-04-28T00:00:00",28,1560,6606,10629,18792
"2025-04-28T00:00:00","13:30","2025-04-28T00:00:00",29,1544,6606,10454,18792
"2025-04-28T00:00:00","14:00","2025-04-28T00:00:00",30,1528,6606,10160,18792
"2025-04-28T00:00:00","14:30","2025-04-28T00:00:00",31,1516,6606,9732,18792
"2025-04-28T00:00:00","15:00","2025-04-28T00:00:00",32,1503,6606,9145,18792
"2025-04-28T00:00:00","15:30","2025-04-28T00:00:00",33,1495,6606,8316,18792
"2025-04-28T00:00:00","16:00","2025-04-28T00:00:00",34,1487,6606,7368,18792
"2025-04-28T00:00:00","16:30","2025-04-28T00:00:00",35,1485,6606,6392,18792
"2025-04-28T00:00:00","17:00","2025-04-28T00:00:00",36,1482,6606,5376,18792
"2025-04-28T00:00:00","17:30","2025-04-28T00:00:00",37,1485,6606,4333,18792
"2025-04-28T00:00:00","18:00","2025-04-28T00:00:00",38,1488,6606,3306,18792
"2025-04-28T00:00:00","18:30","2025-04-28T00:00:00",39,1472,6606,2313,18792
"2025-04-28T00:00:00","19:00","2025-04-28T00:00:00",40,1455,6606,1433,18792
"2025-04-28T00:00:00","19:30","2025-04-28T00:00:00",41,1445,6606,722,18792
"2025-04-28T00:00:00","20:00","2025-04-28T00:00:00",42,1434,6606,220,18792
"2025-04-28T00:00:00","20:30","2025-04-28T00:00:00",43,1430,6606,39,18792
"2025-04-28T00:00:00","21:00","2025-04-28T00:00:00",44,1425,6606,0,18792
"2025-04-28T00:00:00","21:30","2025-04-28T00:00:00",45,1426,6606,0,18792
"2025-04-28T00:00:00","22:00","2025-04-28T00:00:00",46,1427,6606,0,18792
"2025-04-28T00:00:00","22:30","2025-04-28T00:00:00",47,1434,6606,0,18792
"2025-04-28T00:00:00","23:00","2025-04-28T00:00:00",48,1441,6606,0,18792
"2025-04-28T00:00:00","23:30","2025-04-29T00:00:00",1,1454,6606,0,18799
"2025-04-29T00:00:00","00:00","2025-04-29T00:00:00",2,1466,6606,0,18799
"2025-04-29T00:00:00","00:30","2025-04-29T00:00:00",3,1454,6606,0,18799
"2025-04-29T00:00:00","01:00","2025-04-29T00:00:00",4,1442,6606,0,18799
"2025-04-29T00:00:00","01:30","2025-04-29T00:00:00",5,1434,6606,0,18799
"2025-04-29T00:00:00","02:00","2025-04-29T00:00:00",6,1426,6606,0,18799
"2025-04-29T00:00:00","02:30","2025-04-29T00:00:00",7,1421,6606,0,18799
"2025-04-29T00:00:00","03:00","2025-04-29T00:00:00",8,1416,6606,0,18799
"2025-04-29T00:00:00","03:30","2025-04-29T00:00:00",9,1415,6606,0,18799
"2025-04-29T00:00:00","04:00","2025-04-29T00:00:00",10,1413,6606,0,18799
"2025-04-29T00:00:00","04:30","2025-04-29T00:00:00",11,1416,6606,0,18799
"2025-04-29T00:00:00","05:00","2025-04-29T00:00:00",12,1419,6606,23,18799
"2025-04-29T00:00:00","05:30","2025-04-29T00:00:00",13,1425,6606,254,18799
"2025-04-29T00:00:00","06:00","2025-04-29T00:00:00",14,1431,6606,700,18799
"2025-04-29T00:00:00","06:30","2025-04-29T00:00:00",15,1433,6606,1495,18799
"2025-04-29T00:00:00","07:00","2025-04-29T00:00:00",16,1434,6606,2477,18799
"2025-04-29T00:00:00","07:30","2025-04-29T00:00:00",17,1440,6606,3560,18799
"2025-04-29T00:00:00","08:00","2025-04-29T00:00:00",18,1445,6606,4671,18799
"2025-04-29T00:00:00","08:30","2025-04-29T00:00:00",19,1456,6606,5698,18799
"2025-04-29T00:00:00","09:00","2025-04-29T00:00:00",20,1466,6606,6691,18799
"2025-04-29T00:00:00","09:30","2025-04-29T00:00:00",21,1481,6606,7695,18799
"2025-04-29T00:00:00","10:00","2025-04-29T00:00:00",22,1496,6606,8598,18799
"2025-04-29T00:00:00","10:30","2025-04-29T00:00:00",23,1515,6606,9252,18799
"2025-04-29T00:00:00","11:00","2025-04-29T00:00:00",24,1534,6606,9788,18799
"2025-04-29T00:00:00","11:30","2025-04-29T00:00:00",25,1557,6606,10335,18799
"2025-04-29T00:00:00","12:00","2025-04-29T00:00:00",26,1580,6606,10724,18799
"2025-04-29T00:00:00","12:30","2025-04-29T00:00:00",27,1564,6606,10764,18799
"2025-04-29T00:00:00","13:00","2025-04-29T00:00:00",28,1548,6606,10629,18799
"2025-04-29T00:00:00","13:30","2025-04-29T00:00:00",29,1536,6606,10454,18799
"2025-04-29T00:00:00","14:00","2025-04-29T00:00:00",30,1524,6606,10160,18799
"2025-04-29T00:00:00","14:30","2025-04-29T00:00:00",31,1518,6606,9732,18799
"2025-04-29T00:00:00","15:00","2025-04-29T00:00:00",32,1511,6606,9145,18799
"2025-04-29T00:00:00","15:30","2025-04-29T00:00:00",33,1510,6606,8316,18799
"2025-04-29T00:00:00","16:00","2025-04-29T00:00:00",34,1509,6606,7368,18799
"2025-04-29T00:00:00","16:30","2025-04-29T00:00:00",35,1514,6606,6392,18799
"2025-04-29T00:00:00","17:00","2025-04-29T00:00:00",36,1518,6606,5376,18799
"2025-04-29T00:00:00","17:30","2025-04-29T00:00:00",37,1527,6606,4333,18799
"2025-04-29T00:00:00","18:00","2025-04-29T00:00:00",38,1536,6606,3306,18799
"2025-04-29T00:00:00","18:30","2025-04-29T00:00:00",39,1520,6606,2313,18799
"2025-04-29T00:00:00","19:00","2025-04-29T00:00:00",40,1504,6606,1433,18799
"2025-04-29T00:00:00","19:30","2025-04-29T00:00:00",41,1493,6606,722,18799
"2025-04-29T00:00:00","20:00","2025-04-29T00:00:00",42,1481,6606,220,18799
"2025-04-29T00:00:00","20:30","2025-04-29T00:00:00",43,1475,6606,39,18799
"2025-04-29T00:00:00","21:00","2025-04-29T00:00:00",44,1468,6606,0,18799
"2025-04-29T00:00:00","21:30","2025-04-29T00:00:00",45,1466,6606,0,18799
"2025-04-29T00:00:00","22:00","2025-04-29T00:00:00",46,1464,6606,0,18799
"2025-04-29T00:00:00","22:30","2025-04-29T00:00:00",47,1467,6606,0,18799
"2025-04-29T00:00:00","23:00","2025-04-29T00:00:00",48,1469,6606,0,18799
